{
  "metrics": {
    "accuracy": 0.8475,
    "precision": 0.8527918781725888,
    "recall": 0.84,
    "f1": 0.8463476070528967,
    "auc_roc": 0.9019999999999999,
    "auc_pr": 0.8674440729601083
  },
  "classification_report": {
    "0": {
      "precision": 0.8423645320197044,
      "recall": 0.855,
      "f1-score": 0.8486352357320099,
      "support": 200.0
    },
    "1": {
      "precision": 0.8527918781725888,
      "recall": 0.84,
      "f1-score": 0.8463476070528967,
      "support": 200.0
    },
    "accuracy": 0.8475,
    "macro avg": {
      "precision": 0.8475782050961467,
      "recall": 0.8474999999999999,
      "f1-score": 0.8474914213924534,
      "support": 400.0
    },
    "weighted avg": {
      "precision": 0.8475782050961466,
      "recall": 0.8475,
      "f1-score": 0.8474914213924533,
      "support": 400.0
    }
  },
  "confusion_matrix": [
    [
      171,
      29
    ],
    [
      32,
      168
    ]
  ],
  "dataset": "synthetic_classification",
  "n_samples": 400
}