accuracy,precision,recall,f1,auc_roc,auc_pr
0.8475,0.8527918781725888,0.84,0.8463476070528967,0.9019999999999999,0.8674440729601083
